"0","huron_diff10
"
"1","    "
"1","           Jan"
"1","           Feb"
"1","           Mar"
"1","           Apr"
"1","           May"
"1","           Jun"
"1","           Jul"
"1","           Aug"
"1","           Sep"
"1","           Oct"
"1","           Nov"
"1","
1940"
"1","              "
"1","              "
"1","              "
"1","              "
"1","              "
"1","              "
"1","              "
"1","              "
"1","              "
"1","              "
"1"," -1.156463e+00"
"1","
1941"
"1","  7.240458e+00"
"1","  1.800706e+01"
"1","  8.918240e+00"
"1","  1.304815e+01"
"1","  1.175039e+01"
"1","  2.315332e+00"
"1","  6.816232e+00"
"1","  3.671700e+00"
"1"," -5.444605e+00"
"1"," -2.816424e+00"
"1"," -9.007359e+00"
"1","
1942"
"1"," -1.421841e+01"
"1"," -1.177108e+01"
"1"," -2.030209e+01"
"1"," -1.597429e+01"
"1"," -2.940280e+01"
"1"," -1.786984e+01"
"1"," -2.222241e+01"
"1"," -3.100550e+01"
"1"," -2.629719e+01"
"1"," -1.130520e+01"
"1"," -1.797655e+01"
"1","
1943"
"1"," -1.700662e+01"
"1"," -2.103586e+01"
"1"," -1.867822e+01"
"1"," -2.533311e+01"
"1"," -1.243276e+01"
"1"," -1.183844e+01"
"1"," -4.002182e+00"
"1"," -1.077408e+01"
"1"," -3.359073e+00"
"1"," -7.214738e-01"
"1","  1.336700e+01"
"1","
1944"
"1","  2.792838e+01"
"1","  2.907362e+01"
"1","  2.320183e+01"
"1","  1.946399e+01"
"1","  1.167327e+01"
"1","  1.886754e+01"
"1","  2.143260e+01"
"1","  1.379355e+01"
"1","  3.553647e-01"
"1"," -6.529375e+00"
"1"," -7.269856e-01"
"1","
1945"
"1"," -8.143053e+00"
"1"," -2.994388e+00"
"1","  2.882708e-02"
"1"," -9.170972e+00"
"1"," -1.680631e+01"
"1"," -1.307425e+01"
"1"," -1.558570e+01"
"1"," -1.598380e+01"
"1"," -2.068889e+01"
"1"," -1.448135e+01"
"1"," -1.710053e+01"
"1","
1946"
"1"," -1.717859e+01"
"1"," -1.477063e+01"
"1"," -6.691423e+00"
"1"," -1.161751e+01"
"1"," -1.346311e+01"
"1"," -2.078851e+01"
"1"," -1.865255e+01"
"1"," -1.968126e+01"
"1"," -1.546540e+01"
"1"," -1.046023e+01"
"1"," -1.681304e+01"
"1","
1947"
"1"," -3.211344e+01"
"1"," -2.343906e+01"
"1"," -1.225762e+01"
"1"," -1.601571e+01"
"1"," -1.225145e+01"
"1"," -5.595026e+00"
"1"," -1.839433e+00"
"1"," -1.841215e+00"
"1","  5.543796e+00"
"1","  1.961319e+01"
"1","  1.467341e+01"
"1","
1948"
"1","  1.582469e+01"
"1","  2.674281e+01"
"1","  2.327341e+01"
"1","  1.423204e+01"
"1","  1.972724e+01"
"1","  1.327789e+01"
"1","  5.721479e+00"
"1","  1.221751e+01"
"1","  9.383839e+00"
"1","  4.574965e+00"
"1","  3.159161e+00"
"1","
1949"
"1","  1.919101e+00"
"1","  6.901037e-01"
"1"," -6.302545e+00"
"1"," -6.365829e+00"
"1"," -2.755702e+00"
"1"," -2.008055e+00"
"1","  4.658832e+00"
"1","  3.160530e+00"
"1","  4.761244e+00"
"1","  1.308727e+01"
"1","  8.197165e+00"
"1","
1950"
"1","  9.722257e+00"
"1","  1.603344e+01"
"1","  1.387657e+01"
"1","  1.026599e+01"
"1","  4.071183e+00"
"1"," -1.059325e+00"
"1"," -3.747519e+00"
"1"," -4.045414e+00"
"1"," -2.267082e+00"
"1"," -6.424023e+00"
"1"," -1.123472e+01"
"1","
1951"
"1"," -1.715339e+01"
"1"," -2.197861e+01"
"1"," -2.212486e+01"
"1"," -2.353041e+01"
"1"," -2.978080e+01"
"1"," -3.593833e+01"
"1"," -3.664860e+01"
"1"," -2.805256e+01"
"1"," -2.503240e+01"
"1"," -2.639593e+01"
"1"," -3.549748e+01"
"1","
1952"
"1"," -4.411429e+01"
"1"," -2.281276e+01"
"1"," -1.935045e+01"
"1"," -1.338812e+01"
"1"," -8.718838e+00"
"1"," -1.067749e+01"
"1"," -9.282272e+00"
"1","  8.497284e-01"
"1","  1.017217e+01"
"1","  1.590966e+01"
"1","  1.919569e+01"
"1","
1953"
"1","  1.446428e+01"
"1","  1.584751e+01"
"1","  1.396685e+01"
"1","  1.732805e+01"
"1","  2.498760e+01"
"1","  1.135527e+01"
"1","  9.979883e+00"
"1","  8.540099e+00"
"1","  1.358477e+01"
"1","  1.141530e+01"
"1","  7.257494e+00"
"1","
1954"
"1"," -1.392691e+00"
"1"," -8.373102e+00"
"1"," -1.001146e+01"
"1"," -1.391072e+01"
"1"," -1.715171e+01"
"1"," -2.291272e+01"
"1"," -1.348359e+01"
"1"," -1.404123e+01"
"1"," -1.758183e+01"
"1"," -2.112127e+01"
"1"," -6.426018e+00"
"1","
1955"
"1"," -1.102482e+01"
"1","  5.932060e+00"
"1","  1.678804e+01"
"1","  1.362807e+01"
"1","  7.712252e+00"
"1","  1.131847e+01"
"1","  1.247823e+01"
"1","  1.249011e+01"
"1","  5.749579e+00"
"1","  1.239546e+00"
"1"," -3.823552e+00"
"1","
1956"
"1"," -1.184018e+01"
"1"," -7.407019e-01"
"1"," -1.344023e+00"
"1"," -4.176472e+00"
"1"," -3.134555e+00"
"1"," -4.269349e+00"
"1"," -8.112131e+00"
"1"," -1.065184e+01"
"1","  2.144932e+00"
"1","  8.211623e+00"
"1","  5.534356e+00"
"1","
1957"
"1"," -3.084033e+00"
"1"," -1.075791e+00"
"1"," -1.212326e+01"
"1"," -1.913657e+01"
"1"," -1.263123e+01"
"1"," -2.005032e+00"
"1"," -8.058757e+00"
"1"," -1.736773e+01"
"1"," -1.033392e+01"
"1"," -1.056347e+01"
"1"," -9.156338e+00"
"1","
1958"
"1"," -5.391980e-01"
"1","  7.414298e+00"
"1","  1.177654e+00"
"1","  3.415062e+00"
"1","  1.641346e+01"
"1","  1.655184e+01"
"1","  7.292118e+00"
"1","  1.336271e+01"
"1","  9.413213e+00"
"1","  2.158901e+01"
"1","  1.768072e+01"
"1","
1959"
"1","  1.191158e+01"
"1"," -2.452499e+00"
"1"," -1.054256e+01"
"1"," -7.693756e+00"
"1","  2.363224e+00"
"1"," -4.291006e+00"
"1","  9.797268e+00"
"1","  1.545963e+00"
"1","  8.556142e+00"
"1"," -4.085724e+00"
"1"," -3.737006e-01"
"1","
1960"
"1","  2.634517e+00"
"1"," -3.032559e+00"
"1"," -6.102618e+00"
"1"," -5.459169e+00"
"1"," -1.414159e+01"
"1"," -1.917902e+01"
"1"," -2.209915e+01"
"1","  1.544800e-03"
"1"," -2.004833e+00"
"1","  1.569233e+00"
"1","  3.649180e-01"
"1","
1961"
"1","  5.425129e+00"
"1","  7.718205e+00"
"1","  1.378659e+01"
"1","  9.539690e+00"
"1","  6.846005e+00"
"1","  6.041093e-01"
"1","  4.269501e+00"
"1"," -3.132993e+00"
"1"," -8.877609e+00"
"1"," -2.146058e+01"
"1"," -2.177911e+01"
"1","
1962"
"1"," -3.127534e+01"
"1"," -2.371560e+01"
"1"," -2.481516e+01"
"1"," -1.689855e+01"
"1"," -1.861129e+01"
"1"," -1.372257e+01"
"1"," -3.798451e+00"
"1","  6.123325e+00"
"1","  1.921510e+00"
"1"," -7.431562e-01"
"1","  6.072541e+00"
"1","
1963"
"1","  4.863265e+00"
"1"," -5.529730e+00"
"1"," -9.026901e+00"
"1"," -1.166415e+01"
"1"," -1.753159e+01"
"1"," -1.865433e+01"
"1"," -9.231581e+00"
"1"," -1.105292e+01"
"1"," -2.674568e+01"
"1"," -3.745399e+01"
"1"," -2.667810e+01"
"1","
1964"
"1"," -1.218439e+01"
"1"," -1.323108e+01"
"1"," -1.065441e+01"
"1"," -1.555022e+01"
"1"," -2.367553e+01"
"1"," -1.864341e+01"
"1"," -1.520681e+00"
"1","  1.161789e+01"
"1","  2.024896e+00"
"1"," -2.078752e+00"
"1","  2.190467e+00"
"1","
1965"
"1","  1.409995e+00"
"1","  2.856616e+00"
"1","  1.119123e+01"
"1","  5.672228e+00"
"1","  3.540523e+00"
"1","  1.598023e+00"
"1","  4.696182e+00"
"1"," -2.375253e+00"
"1","  2.090663e+00"
"1","  5.684272e+00"
"1","  1.867401e+01"
"1","
1966"
"1","  1.882662e+01"
"1","  1.563871e+01"
"1","  6.212884e+00"
"1"," -7.270887e+00"
"1"," -8.018506e+00"
"1"," -3.483137e+00"
"1"," -9.934008e+00"
"1"," -1.169627e+01"
"1"," -1.899199e+01"
"1"," -1.816970e+01"
"1"," -2.082167e+01"
"1","
1967"
"1"," -1.629284e+01"
"1","  5.594680e+00"
"1","  9.350097e+00"
"1","  1.253653e+01"
"1","  1.159823e+01"
"1","  1.538985e+00"
"1"," -4.412665e+00"
"1","  9.360896e-01"
"1","  6.204358e+00"
"1","  1.911968e+01"
"1","  2.725067e+01"
"1","
1968"
"1","  1.906561e+01"
"1","  1.348809e+01"
"1","  1.142229e+01"
"1","  1.352780e+01"
"1","  2.079621e+01"
"1","  7.518422e+00"
"1","  1.202352e+01"
"1","  9.822834e+00"
"1"," -2.085555e+00"
"1"," -7.135953e+00"
"1"," -8.721609e+00"
"1","
1969"
"1"," -1.138715e+01"
"1"," -6.766003e+00"
"1"," -5.203167e+00"
"1"," -6.339570e+00"
"1"," -1.142724e+01"
"1"," -2.378671e+01"
"1"," -1.756229e+01"
"1"," -7.473015e+00"
"1"," -8.731253e+00"
"1","  2.553136e+00"
"1","  1.568344e+01"
"1","
1970"
"1","  8.982847e+00"
"1","  1.154861e+01"
"1","  3.386682e+00"
"1","  1.288105e+01"
"1","  1.143022e+01"
"1","  1.532527e+01"
"1","  9.958539e+00"
"1","  3.651484e+00"
"1"," -1.209638e+00"
"1"," -1.157338e+00"
"1"," -7.384599e+00"
"1","
1971"
"1"," -1.275596e+01"
"1"," -2.126594e+01"
"1"," -2.130950e+01"
"1"," -2.904724e+01"
"1"," -3.305177e+01"
"1"," -2.790549e+01"
"1"," -3.131250e+01"
"1"," -2.342289e+01"
"1"," -1.942082e+01"
"1"," -8.994435e+00"
"1","  5.347963e+00"
"1","
1972"
"1","  1.656148e+01"
"1","  1.536487e+01"
"1","  1.953366e+01"
"1","  1.155635e+01"
"1","  3.065890e+00"
"1","  4.786729e-02"
"1","  2.794931e-01"
"1","  1.452622e+00"
"1"," -4.222438e-01"
"1","  1.085910e+01"
"1","  2.553557e+00"
"1","
1973"
"1","  1.627461e+01"
"1","  1.120215e+01"
"1","  1.556483e+01"
"1","  1.571750e+01"
"1","  1.654221e+01"
"1","  7.793384e+00"
"1"," -1.624318e+00"
"1"," -1.011697e+01"
"1"," -1.351480e+01"
"1"," -2.685516e+01"
"1"," -3.536420e+01"
"1","
1974"
"1"," -1.830300e+01"
"1"," -2.459740e+01"
"1"," -1.484275e+01"
"1"," -8.029450e+00"
"1"," -7.697853e+00"
"1"," -1.457602e+01"
"1"," -7.459946e+00"
"1"," -3.999273e+00"
"1","  1.288339e+01"
"1","  5.989483e+00"
"1","  7.940487e+00"
"1","
1975"
"1"," -4.198664e-01"
"1"," -9.548486e+00"
"1","  1.244965e+00"
"1","  9.417343e+00"
"1","  1.424473e+01"
"1","  1.550112e+01"
"1"," -2.078505e+00"
"1"," -6.490464e-04"
"1"," -2.552995e+00"
"1","  1.602557e+00"
"1","  3.385209e+00"
"1","
1976"
"1","  1.499113e+01"
"1","  1.633730e+01"
"1","  1.380099e+01"
"1","  7.992808e+00"
"1","  1.796842e+01"
"1","  1.685900e+01"
"1","  2.484779e+01"
"1","  1.657283e+01"
"1","  8.232448e+00"
"1","  6.699638e+00"
"1","  4.633512e+00"
"1","
1977"
"1"," -2.273884e+00"
"1","  6.604061e+00"
"1"," -6.609335e+00"
"1"," -3.659088e+00"
"1"," -1.618827e+01"
"1"," -8.610651e+00"
"1"," -8.962477e+00"
"1"," -1.768529e+01"
"1"," -2.115828e+01"
"1"," -1.367873e+01"
"1"," -2.445613e+01"
"1","
1978"
"1"," -1.324144e+01"
"1"," -1.357787e+01"
"1"," -5.989190e+00"
"1","  1.265744e+00"
"1","  3.003593e+00"
"1","  1.631195e+00"
"1","  7.871472e+00"
"1","  1.417391e+01"
"1","  2.788685e+01"
"1","  3.551345e+01"
"1","  4.147965e+01"
"1","
1979"
"1","  2.593057e+01"
"1","  2.401388e+01"
"1","  2.869591e+01"
"1","  3.910917e+01"
"1","  3.271684e+01"
"1","  2.876098e+01"
"1","  2.466197e+01"
"1","  1.343830e+01"
"1","  3.614621e+00"
"1","  7.569971e+00"
"1","  7.743694e-01"
"1","
1980"
"1"," -4.546353e+00"
"1"," -9.848423e-02"
"1"," -2.928585e+00"
"1"," -1.245685e+00"
"1"," -6.611246e+00"
"1"," -6.379213e+00"
"1"," -6.965141e+00"
"1"," -2.294052e+00"
"1","  9.191094e+00"
"1","  9.395193e+00"
"1","  1.044442e+01"
"1","
1981"
"1","  2.362659e+00"
"1"," -5.853459e+00"
"1","  1.417879e+00"
"1"," -4.556933e+00"
"1"," -8.462573e+00"
"1"," -5.749894e+00"
"1"," -4.295915e+00"
"1"," -7.006430e+00"
"1"," -1.115347e+01"
"1"," -7.930948e+00"
"1"," -8.357341e+00"
"1","
1982"
"1"," -1.092476e+01"
"1","  3.759704e+00"
"1","  1.211455e+01"
"1","  9.748036e+00"
"1","  3.473611e+00"
"1","  4.098413e+00"
"1","  9.014992e+00"
"1","  1.016225e+01"
"1","  5.087359e+00"
"1"," -3.109077e+00"
"1","  6.885892e+00"
"1","
1983"
"1"," -2.911364e+00"
"1","  4.429489e+00"
"1"," -3.294948e+00"
"1"," -1.943171e+00"
"1"," -2.937491e+00"
"1"," -3.512610e+00"
"1","  8.393182e+00"
"1","  3.951887e+00"
"1"," -5.399771e-01"
"1"," -6.178550e+00"
"1"," -1.179950e+01"
"1","
1984"
"1"," -8.169825e+00"
"1"," -1.050013e+01"
"1"," -2.524846e+00"
"1"," -3.235689e+00"
"1"," -1.544878e+01"
"1"," -6.787187e+00"
"1","  2.211944e+00"
"1","  1.550230e+00"
"1","  1.575071e+01"
"1","  1.069879e+01"
"1"," -1.334080e+00"
"1","
1985"
"1"," -9.733392e+00"
"1"," -7.536389e+00"
"1"," -8.567346e+00"
"1"," -1.827824e+01"
"1"," -1.916250e+01"
"1"," -1.971687e+01"
"1"," -2.558599e+01"
"1"," -3.087131e+01"
"1"," -2.011647e+01"
"1"," -1.869685e+01"
"1"," -1.818225e+01"
"1","
1986"
"1"," -2.743770e+01"
"1"," -2.385253e+01"
"1"," -2.975795e+01"
"1"," -2.849210e+01"
"1"," -2.382915e+01"
"1"," -9.685731e+00"
"1"," -1.909247e+01"
"1"," -6.225378e+00"
"1"," -2.406153e+00"
"1","  6.645150e+00"
"1","  1.144611e+01"
"1","
1987"
"1","  8.891082e+00"
"1","  1.048945e+01"
"1","  4.065680e+00"
"1"," -5.608359e+00"
"1"," -3.224064e+00"
"1"," -9.620481e+00"
"1"," -5.375245e+00"
"1"," -1.794919e+00"
"1","  5.871059e-01"
"1","  1.311062e+01"
"1","  1.667130e+01"
"1","
1988"
"1","  1.598721e+01"
"1","  2.503111e+01"
"1","  3.514681e+01"
"1","  2.343332e+01"
"1","  2.103986e+01"
"1","  2.258378e+01"
"1","  1.901969e+01"
"1","  5.258539e+00"
"1"," -5.747997e+00"
"1"," -7.820335e+00"
"1"," -1.219674e+01"
"1","
1989"
"1"," -2.182110e+01"
"1"," -1.904406e+01"
"1"," -1.732982e+01"
"1"," -2.664098e+01"
"1"," -1.429367e+01"
"1"," -1.028453e+01"
"1"," -1.012338e+01"
"1"," -7.875017e+00"
"1","  1.540926e+00"
"1","  4.598600e+00"
"1","  1.064913e+01"
"1","
1990"
"1","  1.191708e+00"
"1"," -1.217712e+00"
"1"," -5.938238e+00"
"1","  1.713314e-01"
"1","  8.433008e+00"
"1","  2.076477e+01"
"1","  1.524759e+01"
"1","  1.576172e+01"
"1","  2.485405e+01"
"1","  2.164822e+01"
"1","  3.196523e+01"
"1","
1991"
"1","  2.395224e+01"
"1","  2.556862e+01"
"1","  2.802078e+01"
"1","  1.457065e+01"
"1","  2.205770e+01"
"1","  4.590443e+00"
"1"," -1.117705e+01"
"1"," -6.771294e+00"
"1"," -1.152828e+01"
"1"," -9.175861e+00"
"1"," -9.792218e+00"
"1","
1992"
"1"," -1.436144e+01"
"1"," -1.202302e+01"
"1"," -1.394952e+01"
"1","  2.470921e+00"
"1","  2.665064e+00"
"1","  8.489118e+00"
"1","  8.036544e+00"
"1","  4.160103e+00"
"1","  1.444616e+01"
"1"," -8.954965e-01"
"1","  6.292135e+00"
"1","
1993"
"1","  2.805583e+00"
"1"," -3.830283e+00"
"1"," -6.104697e+00"
"1"," -1.580123e+01"
"1"," -9.634717e+00"
"1","  5.557602e+00"
"1","  1.804098e+00"
"1","  9.925683e+00"
"1","  4.416192e+00"
"1","  1.877363e+00"
"1","  6.054471e+00"
"1","
1994"
"1","  1.602726e+01"
"1","  1.676570e+01"
"1","  1.265850e+01"
"1","  1.941555e+00"
"1","  1.660619e+00"
"1","  2.240061e+00"
"1","  7.266280e+00"
"1","  2.190664e+01"
"1","  2.231422e+01"
"1","  2.658663e+01"
"1","  1.651627e+01"
"1","
1995"
"1","  5.933344e+00"
"1","  8.251390e+00"
"1","  2.233034e+00"
"1"," -4.989339e+00"
"1"," -1.450666e+01"
"1"," -2.032447e+01"
"1"," -3.327399e+01"
"1"," -3.537152e+01"
"1"," -2.793287e+01"
"1"," -2.054271e+01"
"1"," -2.061501e+01"
"1","
1996"
"1"," -1.890545e+01"
"1"," -1.136675e+01"
"1"," -3.803021e-02"
"1"," -2.016755e+00"
"1","  4.365454e+00"
"1","  3.021020e+00"
"1","  9.034467e+00"
"1","  1.249014e+01"
"1","  1.609670e+01"
"1","  1.289553e+01"
"1","  1.898370e+01"
"1","
1997"
"1"," -5.572725e-02"
"1"," -4.306710e+00"
"1"," -4.736025e+00"
"1"," -4.266552e+00"
"1"," -4.911910e+00"
"1"," -9.979309e+00"
"1"," -5.981095e+00"
"1"," -6.384844e+00"
"1"," -4.082341e+00"
"1","  4.116730e+00"
"1","  8.336112e+00"
"1","
1998"
"1","  1.204243e+01"
"1","  1.310166e+01"
"1","  1.129751e+01"
"1","  8.780417e+00"
"1","  9.353798e+00"
"1","  1.558200e+01"
"1","  1.168325e+01"
"1","  8.438238e+00"
"1","  8.970353e+00"
"1"," -2.034660e+00"
"1","  6.494858e-01"
"1","
1999"
"1"," -1.115051e+00"
"1","  5.573973e+00"
"1","  6.976221e+00"
"1","  1.974302e+00"
"1"," -1.372284e+00"
"1","  6.655200e+00"
"1","  8.102899e+00"
"1","  1.695817e+01"
"1","  1.409013e+01"
"1","  1.083271e+01"
"1","  3.625603e+00"
"1","
2000"
"1"," -1.127213e+01"
"1"," -1.101257e+01"
"1"," -1.028699e+01"
"1"," -2.515020e+01"
"1"," -2.796972e+01"
"1"," -3.090769e+01"
"1"," -2.528097e+01"
"1"," -2.704732e+01"
"1"," -2.942712e+01"
"1"," -3.247527e+01"
"1"," -3.077364e+01"
"1","
2001"
"1"," -3.575304e+01"
"1"," -2.590442e+01"
"1"," -2.423297e+01"
"1"," -1.683758e+01"
"1"," -1.520040e+01"
"1"," -3.975581e+00"
"1"," -1.115518e+00"
"1","  2.335155e+00"
"1","  5.903528e+00"
"1"," -1.203524e-01"
"1","  1.475575e+01"
"1","
2002"
"1","  8.064355e+00"
"1"," -2.473484e+00"
"1"," -3.617727e+00"
"1"," -7.530951e+00"
"1"," -4.904979e+00"
"1"," -8.184944e+00"
"1"," -1.310411e+00"
"1","  7.642814e+00"
"1","  2.579475e+00"
"1","  8.066731e+00"
"1","  7.960359e+00"
"1","
2003"
"1","  1.332594e+00"
"1","  4.861541e+00"
"1","  2.086959e+00"
"1","  1.772283e+00"
"1"," -1.879061e+00"
"1","  1.063897e+00"
"1","  2.532690e+00"
"1","  2.909129e+00"
"1","  5.243349e+00"
"1","  5.994537e+00"
"1","  1.294649e+01"
"1","
2004"
"1","  1.546672e+01"
"1","  2.079867e+01"
"1","  2.726617e+01"
"1","  3.069651e+01"
"1","  3.003883e+01"
"1","  2.849883e+01"
"1","  2.474666e+01"
"1","  2.104998e+01"
"1","  2.463325e+01"
"1","  2.070720e+01"
"1","  1.743186e+01"
"1","
2005"
"1","  3.194523e+00"
"1"," -1.146401e+01"
"1"," -2.031251e+01"
"1"," -1.837700e+01"
"1"," -1.974247e+01"
"1"," -1.215522e+01"
"1"," -1.287160e+01"
"1"," -1.713281e+01"
"1"," -1.698529e+01"
"1"," -7.592313e+00"
"1"," -1.922899e+00"
"1","
2006"
"1","  1.251852e+01"
"1","  1.063285e+01"
"1","  2.101571e+01"
"1","  1.400371e+01"
"1","  1.177205e+01"
"1","  2.794033e+01"
"1","  3.013874e+01"
"1","  3.351670e+01"
"1","  3.207725e+01"
"1","  1.942676e+01"
"1","  2.438538e+01"
"1","
2007"
"1","  2.491501e+01"
"1","  3.053553e+01"
"1","  3.005345e+01"
"1","  1.616954e+01"
"1","  1.308191e+01"
"1"," -1.091365e+00"
"1"," -1.628847e+00"
"1","  7.945214e+00"
"1","  6.358132e+00"
"1"," -6.275572e+00"
"1"," -4.839287e+00"
"1","
2008"
"1"," -3.866597e+00"
"1"," -1.934782e+00"
"1"," -2.048113e-01"
"1","  2.108848e-01"
"1"," -7.355302e-01"
"1"," -3.234189e+00"
"1"," -4.945826e+00"
"1","  1.583105e+01"
"1","  1.143085e+01"
"1","  2.110663e+01"
"1","  1.540079e+01"
"1","
2009"
"1","  1.031853e+01"
"1","  1.799801e+01"
"1","  1.850864e+01"
"1","  2.192399e+01"
"1","  2.454357e+01"
"1","  1.301918e+01"
"1","  2.249301e+01"
"1","  1.329120e+01"
"1","  2.068128e+01"
"1","  2.789974e+01"
"1","  3.387142e+01"
"1","
2010"
"1","  3.112856e+01"
"1","  2.828963e+01"
"1","  1.020991e+01"
"1","  8.238518e+00"
"1","  6.122401e+00"
"1","  7.402747e+00"
"1"," -7.640227e+00"
"1"," -8.672228e+00"
"1"," -4.893235e+00"
"1"," -2.229766e+00"
"1"," -6.128712e+00"
"1","
2011"
"1","  1.866503e+01"
"1","  2.447811e+01"
"1","  2.182814e+01"
"1","  2.054556e+01"
"1","  3.213100e+01"
"1","  2.742436e+01"
"1","  2.012251e+01"
"1","  1.963039e+01"
"1","  2.453992e+01"
"1","  2.316663e+01"
"1","  1.640827e+01"
"1","
2012"
"1","  6.165223e+00"
"1","  1.541609e+01"
"1","  1.340336e+01"
"1","  1.529655e+01"
"1","  1.329946e+01"
"1","  1.152266e+00"
"1"," -5.987167e+00"
"1"," -1.457999e+01"
"1"," -2.479457e+01"
"1"," -1.907247e+01"
"1"," -1.478790e+01"
"1","
2013"
"1"," -1.463066e+01"
"1"," -1.409038e+01"
"1"," -1.126337e+01"
"1"," -1.757116e+00"
"1","  1.264347e+01"
"1","  1.889747e+01"
"1","  2.876079e+01"
"1","  1.920968e+01"
"1","  8.264145e+00"
"1","  5.136263e-01"
"1","  3.934741e+00"
"1","
2014"
"1","  2.245991e+00"
"1"," -7.404504e-01"
"1"," -9.651457e+00"
"1"," -5.953487e+00"
"1"," -1.146126e+01"
"1"," -1.040861e+01"
"1"," -3.389441e+00"
"1","  2.327239e+00"
"1"," -8.065099e+00"
"1"," -6.212439e+00"
"1"," -6.947403e+00"
"1","
2015"
"1"," -1.111032e+01"
"1"," -1.466308e+01"
"1"," -1.581426e+01"
"1"," -7.440152e+00"
"1","  1.048255e+01"
"1"," -4.999940e+00"
"1","  2.866451e+00"
"1","  4.885615e+00"
"1","  4.101614e+00"
"1","  5.993775e+00"
"1","  7.252812e-01"
"1","
2016"
"1"," -3.036872e+00"
"1"," -1.205784e+01"
"1"," -3.151268e+01"
"1"," -1.917013e+01"
"1"," -2.486909e+01"
"1"," -4.286181e+01"
"1"," -4.686099e+01"
"1"," -4.473577e+01"
"1"," -4.398085e+01"
"1"," -3.742668e+01"
"1"," -2.784155e+01"
"1","
2017"
"1"," -1.884551e+01"
"1"," -2.313344e+01"
"1"," -1.135011e+01"
"1","  4.591228e+00"
"1","  9.721466e+00"
"1","  1.503922e+01"
"1","  1.422126e+01"
"1","  1.770774e+01"
"1","  1.742670e+01"
"1","  1.282354e+01"
"1","  7.676478e+00"
"1","
2018"
"1","  1.090049e+01"
"1","  1.268319e+01"
"1","  1.191013e+01"
"1","  3.031396e+00"
"1","  6.905354e+00"
"1","  6.247625e+00"
"1","  7.863397e+00"
"1","  1.579847e+01"
"1","  1.731117e+01"
"1","  1.689315e+01"
"1","  1.363741e+01"
"1","
2019"
"1"," -6.474045e-01"
"1","  7.052388e-01"
"1"," -3.281176e+00"
"1"," -1.319609e+01"
"1"," -1.132322e+01"
"1"," -1.814667e+01"
"1"," -2.448285e+01"
"1"," -2.792004e+01"
"1"," -3.604207e+01"
"1"," -3.043831e+01"
"1"," -2.102735e+01"
"1","
2020"
"1"," -1.777719e+01"
"1"," -1.020719e+01"
"1"," -1.479918e+01"
"1"," -3.527737e+00"
"1"," -3.795283e+00"
"1","  6.657600e+00"
"1","  4.509357e+00"
"1","  7.545298e+00"
"1","  6.291788e+00"
"1","  1.338903e+00"
"1","  6.447475e+00"
"1","
2021"
"1"," -2.559279e+00"
"1"," -1.052047e+01"
"1","  6.226067e-01"
"1"," -1.685736e+01"
"1"," -1.141439e+01"
"1"," -1.119315e+01"
"1"," -1.963131e+01"
"1"," -1.604789e+01"
"1"," -6.725577e+00"
"1"," -2.964397e-01"
"1"," -2.323587e+00"
"1","
2022"
"1"," -9.044222e-01"
"1","  2.253554e+00"
"1","  6.053447e+00"
"1"," -9.997273e+00"
"1"," -3.559816e+00"
"1","  2.684604e+00"
"1"," -7.369518e+00"
"1"," -1.363081e+01"
"1"," -1.735980e+01"
"1"," -1.469939e+01"
"1"," -6.518826e+00"
"1","
"
"1","    "
"1","           Dec"
"1","
1940"
"1"," -3.651905e-01"
"1","
1941"
"1"," -3.022588e+01"
"1","
1942"
"1"," -2.010240e+01"
"1","
1943"
"1","  2.888344e+01"
"1","
1944"
"1"," -5.611971e+00"
"1","
1945"
"1"," -1.979119e+01"
"1","
1946"
"1"," -2.905521e+01"
"1","
1947"
"1","  1.462618e+01"
"1","
1948"
"1"," -4.166804e+00"
"1","
1949"
"1","  9.291684e+00"
"1","
1950"
"1"," -1.514996e+01"
"1","
1951"
"1"," -3.499574e+01"
"1","
1952"
"1","  5.535075e+00"
"1","
1953"
"1","  7.065497e+00"
"1","
1954"
"1","  9.038820e-01"
"1","
1955"
"1"," -1.000430e+01"
"1","
1956"
"1","  4.650660e-01"
"1","
1957"
"1"," -8.159103e+00"
"1","
1958"
"1","  1.392657e+01"
"1","
1959"
"1","  4.089810e+00"
"1","
1960"
"1","  1.026396e+01"
"1","
1961"
"1"," -2.374563e+01"
"1","
1962"
"1","  5.296218e+00"
"1","
1963"
"1"," -1.663778e+01"
"1","
1964"
"1","  5.318017e+00"
"1","
1965"
"1","  2.136605e+01"
"1","
1966"
"1"," -1.959622e+01"
"1","
1967"
"1","  1.455774e+01"
"1","
1968"
"1"," -1.175543e+01"
"1","
1969"
"1","  1.206528e+01"
"1","
1970"
"1"," -1.375630e+01"
"1","
1971"
"1","  1.313625e+01"
"1","
1972"
"1","  1.178044e+01"
"1","
1973"
"1"," -1.825075e+01"
"1","
1974"
"1","  7.946284e+00"
"1","
1975"
"1","  2.050089e+01"
"1","
1976"
"1"," -7.231657e+00"
"1","
1977"
"1"," -2.479632e+01"
"1","
1978"
"1","  2.741114e+01"
"1","
1979"
"1","  2.338314e+00"
"1","
1980"
"1"," -3.454688e+00"
"1","
1981"
"1","  1.899090e+00"
"1","
1982"
"1","  8.770409e-01"
"1","
1983"
"1"," -1.701586e+01"
"1","
1984"
"1"," -2.854437e+00"
"1","
1985"
"1"," -2.720308e+01"
"1","
1986"
"1","  5.838174e+00"
"1","
1987"
"1","  1.895954e+01"
"1","
1988"
"1"," -1.810438e+01"
"1","
1989"
"1","  1.055669e+01"
"1","
1990"
"1","  3.560945e+01"
"1","
1991"
"1"," -3.822474e-01"
"1","
1992"
"1","  3.304775e+00"
"1","
1993"
"1","  1.068317e+01"
"1","
1994"
"1","  1.376390e+01"
"1","
1995"
"1"," -2.157943e+01"
"1","
1996"
"1","  9.283017e+00"
"1","
1997"
"1","  1.336736e+01"
"1","
1998"
"1"," -4.104305e-01"
"1","
1999"
"1"," -1.495834e-02"
"1","
2000"
"1"," -3.033981e+01"
"1","
2001"
"1","  5.149578e+00"
"1","
2002"
"1","  1.296817e+01"
"1","
2003"
"1","  9.753595e+00"
"1","
2004"
"1","  1.158257e+01"
"1","
2005"
"1","  7.061098e+00"
"1","
2006"
"1","  2.868925e+01"
"1","
2007"
"1"," -9.352892e+00"
"1","
2008"
"1","  1.347284e+01"
"1","
2009"
"1","  3.198097e+01"
"1","
2010"
"1"," -3.430920e+00"
"1","
2011"
"1","  1.378295e+01"
"1","
2012"
"1"," -1.467413e+01"
"1","
2013"
"1","  1.382391e+00"
"1","
2014"
"1"," -8.717976e+00"
"1","
2015"
"1"," -2.224996e-01"
"1","
2016"
"1"," -2.667110e+01"
"1","
2017"
"1","  1.173995e+01"
"1","
2018"
"1","  6.118600e+00"
"1","
2019"
"1"," -1.913783e+01"
"1","
2020"
"1","  2.538826e+00"
"1","
2021"
"1","  7.063143e+00"
"1","
2022"
"1"," -3.550313e+00"
"1","
"
"1"," [ reached getOption(""max.print"") -- omitted 42 rows ]
"
